sample_id,target
ID1001187975__Dry_Clover_g,0.09929944574832916
ID1001187975__Dry_Dead_g,27.74276351928711
ID1001187975__Dry_Green_g,20.164958953857422
ID1001187975__Dry_Total_g,52.399166107177734
ID1001187975__GDM_g,22.021791458129883
